"code_departement","nom_departement","nom_region","est_metropole","annee_min","annee_max","nb_dpe","nb_passoires","nb_logements_performants","nb_etiquette_a","nb_etiquette_b","nb_etiquette_c","nb_etiquette_d","nb_etiquette_e","nb_etiquette_f","nb_etiquette_g","nb_maisons","nb_appartements","taux_passoires_pct","taux_performants_pct","part_maisons_pct","conso_ep_moyenne","conso_ep_mediane","emission_ges_moyenne","surface_moyenne_m2","cout_annuel_moyen_eur","cout_annuel_par_m2_eur","nb_communes","centroide_x_lambert93","centroide_y_lambert93","latitude","longitude"
"01","Ain","Auvergne-Rhône-Alpes","t",2024,2026,62226,5504,4426,1361,3065,26337,18203,7756,3434,2070,22952,39274,8.85,7.11,36.88,187.9,168.6,23.2,85.5,1690,19.8,309,877590.8644683203,6560996.624740009,46.125492,5.300235
"02","Aisne","Hauts-de-France","t",2024,2026,56071,7239,1690,296,1394,14168,21606,11368,4661,2578,26132,29939,12.91,3.01,46.61,224.1,207.9,30.4,79.7,1861,23.4,518,736182.6793384153,6938695.193461217,49.546511,3.499751
"03","Allier","Auvergne-Rhône-Alpes","t",2024,2026,35224,5877,1216,306,910,9635,11416,7080,3593,2284,16637,18587,16.68,3.45,47.23,231.1,211.5,30.8,81.5,1909,23.4,116,689379.2792093406,6586119.52718405,46.374928,2.861827
"04","Alpes-de-Haute-Provence","Provence-Alpes-Côte d'Azur","t",2024,2026,19700,2913,1360,283,1077,6087,5569,3771,1578,1335,8564,11136,14.79,6.9,43.47,232.2,205,19.9,76.4,1812,23.7,130,947322.943850533,6332075.062514115,44.044165,6.086766
"05","Hautes-Alpes","Provence-Alpes-Côte d'Azur","t",2024,2026,23630,5703,679,100,579,3106,5966,8176,3379,2324,4633,18997,24.13,2.87,19.61,289.9,273.3,32.7,68,1978,29.1,76,948103.2326767516,6389741.858692047,44.562565,6.124963
"06","Alpes-Maritimes","Provence-Alpes-Côte d'Azur","t",2024,2026,157735,7482,26388,5908,20480,69699,38440,15726,5424,2058,18736,138999,4.74,16.73,11.88,167.4,151,18.9,66.1,1146,17.3,145,1030808.27885014,6311602.007746953,43.825858,7.11377
"07","Ardèche","Auvergne-Rhône-Alpes","t",2024,2026,26477,3297,3004,925,2079,8809,7401,3966,2005,1292,13943,12534,12.45,11.35,52.66,203.5,184.5,20.8,88.9,1839,20.7,181,814869.111762242,6402386.392854503,44.711105,4.450344
"08","Ardennes","Grand Est","t",2024,2026,32671,3283,957,102,855,10300,12774,5357,2143,1140,14706,17965,10.05,2.93,45.01,206.5,190.5,32.1,82.3,1766,21.5,283,822990.2050980052,6947109.786981293,49.611253,4.70099
"09","Ariège","Occitanie","t",2024,2026,14781,2217,1211,339,872,4441,4338,2574,1249,968,8947,5834,15,8.19,60.53,221,200.9,21.4,90.9,1974,21.7,207,576467.5837030634,6209557.135389536,42.974727,1.486946
"10","Aube","Grand Est","t",2024,2026,33370,3171,1474,501,973,11733,12145,4847,1957,1214,13696,19674,9.5,4.42,41.04,201.7,186.2,26.6,78.5,1657,21.1,223,783469.680493573,6797868.553206839,48.275799,4.125096
"11","Aude","Occitanie","t",2024,2026,44850,1168,9542,2681,6861,21305,9615,3220,942,226,22211,22639,2.6,21.28,49.52,153.3,141,11.9,82.5,1325,16.1,188,660378.6355002341,6227379.226483986,43.144564,2.513309
"12","Aveyron","Occitanie","t",2024,2026,21041,2911,1333,302,1031,6364,6732,3701,1747,1164,9876,11165,13.83,6.34,46.94,216.4,199,25.6,83.7,1915,22.9,186,665662.4230432287,6355107.055550013,44.294144,2.569661
"13","Bouches-du-Rhône","Provence-Alpes-Côte d'Azur","t",2024,2026,261172,6693,45941,12507,33434,124066,64165,20307,5469,1224,43363,217809,2.56,17.59,16.6,156.1,144,16.7,67.2,1096,16.3,126,880960.1324742291,6272366.95564784,43.527298,5.237926
"14","Calvados","Normandie","t",2024,2026,79861,8770,4762,1316,3446,24105,28353,13871,5394,3376,31396,48465,10.98,5.96,39.31,214.4,200,24.4,73.5,1605,21.8,313,455686.14585356193,6899772.455233126,49.151082,-0.349651
"15","Cantal","Auvergne-Rhône-Alpes","t",2024,2026,12904,3078,397,77,320,2120,4290,3019,1538,1540,5849,7055,23.85,3.08,45.33,267.6,238.3,31.7,82.1,2329,28.4,132,668868.0619961249,6382688.421585428,44.542573,2.60812
"16","Charente","Nouvelle-Aquitaine","t",2024,2026,35205,3272,2003,696,1307,11209,13387,5334,2300,972,21149,14056,9.29,5.69,60.07,203.4,189.1,25.6,91.1,1848,20.3,319,476917.5352374042,6513043.431848374,45.680506,0.133544
"17","Charente-Maritime","Nouvelle-Aquitaine","t",2024,2026,78158,6139,7679,3036,4643,27694,26044,10602,4178,1961,44259,33899,7.85,9.82,56.63,194.5,185,18.6,82.9,1663,20.1,411,414131.69811455987,6525414.567342861,45.768384,-0.679576
"18","Cher","Centre-Val de Loire","t",2024,2026,30220,3915,1873,407,1466,8206,10440,5786,2656,1259,17920,12300,12.95,6.2,59.3,216.6,203.7,28.8,84,1869,22.3,237,663508.7999675913,6659381.978155427,47.033673,2.519465
"19","Corrèze","Nouvelle-Aquitaine","t",2024,2026,22023,4490,1082,312,770,5103,6703,4645,2426,2064,12874,9149,20.39,4.91,58.46,244.7,222,29.3,86.7,2204,25.4,190,599851.1990158766,6463986.765121262,45.267942,1.722903
"21","Côte-d'Or","Bourgogne-Franche-Comté","t",2024,2026,61587,5928,5811,939,4872,23569,17801,8478,3635,2293,16092,45495,9.63,9.44,26.13,200.3,177.5,25.6,72.9,1486,20.4,490,841834.8597126919,6697880.871210175,47.366071,4.879493
"22","Côtes-d'Armor","Bretagne","t",2024,2026,57414,6756,4138,1603,2535,18821,19220,8479,4316,2440,34925,22489,11.77,7.21,60.83,204.3,189.9,23,84,1829,21.8,227,280561.41136644926,6801229.640254722,48.176371,-2.647634
"23","Creuse","Nouvelle-Aquitaine","t",2024,2026,10244,3539,205,63,142,1130,2973,2397,1778,1761,6895,3349,34.55,2,67.31,290.8,261.3,37.1,93.3,2710,29,128,618652.1819465918,6561392.276372867,46.14746,1.946043
"24","Dordogne","Nouvelle-Aquitaine","t",2024,2026,38918,3764,3339,979,2360,13504,12221,6090,2858,906,25852,13066,9.67,8.58,66.43,197.3,185.1,21.7,96.2,1951,20.3,419,523931.105165697,6444288.4520252505,45.075403,0.762295
"25","Doubs","Bourgogne-Franche-Comté","t",2024,2026,49381,4844,3379,918,2461,16664,16231,8263,3087,1757,14187,35194,9.81,6.84,28.73,203.1,186.1,27.7,78.2,1678,21.5,427,953172.5280554338,6685341.090205604,47.220077,6.346441
"26","Drôme","Auvergne-Rhône-Alpes","t",2024,2026,48183,3138,5301,1732,3569,20952,13298,5494,2139,999,19552,28631,6.51,11,40.58,177.4,161.9,21.2,84.2,1554,18.5,178,860581.4485653711,6409879.574719016,44.769482,5.029724
"27","Eure","Normandie","t",2024,2026,58360,5817,2861,819,2042,17609,20939,11134,3779,2038,31094,27266,9.97,4.9,53.28,211.2,197.2,26.2,81.1,1775,21.9,493,553476.1518376977,6896173.518599662,49.148567,0.991577
"28","Eure-et-Loir","Centre-Val de Loire","t",2024,2026,42048,5178,1879,545,1334,12211,15170,7610,3546,1632,20288,21760,12.31,4.47,48.25,215.6,200,28,81.2,1808,22.3,260,581915.8393194596,6818644.480490859,48.457322,1.402776
"29","Finistère","Bretagne","t",2024,2026,91595,8726,6433,2331,4102,34196,30237,12003,5775,2951,45249,46346,9.53,7.02,49.4,195.4,182.9,22.6,79.7,1667,20.9,214,172521.13472527766,6826532.156953833,48.324753,-4.125979
"2A","Corse-du-Sud","Corse","t",2024,2026,14258,404,4725,1998,2727,6090,2242,797,293,111,3236,11022,2.83,33.14,22.7,134.4,118.5,10,78.9,1167,14.8,6,1212984.6697372,6085659.25844381,41.692107,9.152939
"2B","Haute-Corse","Corse","t",2024,2026,13337,510,3708,1545,2163,6230,2071,818,347,163,3294,10043,3.82,27.8,24.7,145.2,128.7,10.7,74.5,1159,15.6,38,1220371.328485268,6187549.126492434,42.599563,9.339069
"30","Gard","Occitanie","t",2024,2026,76547,2120,15331,4648,10683,36168,17120,5808,1737,383,29761,46786,2.77,20.03,38.88,154.3,141.5,15,80.8,1314,16.3,289,802013.1456927791,6325033.924167918,44.01691,4.272319
"31","Haute-Garonne","Occitanie","t",2024,2026,179283,6782,24134,5933,18201,95390,39182,13795,4935,1847,44694,134589,3.78,13.46,24.93,160.2,144.6,17.1,68.1,1167,17.1,357,558169.1224651178,6258089.522943418,43.407776,1.249716
"32","Gers","Occitanie","t",2024,2026,16105,1255,1639,537,1102,6191,4651,2369,978,277,10125,5980,7.79,10.18,62.87,186.6,175.5,18.9,103.4,2020,19.5,193,493464.6811904635,6284522.480067413,43.629628,0.441124
"33","Gironde","Nouvelle-Aquitaine","t",2024,2026,202934,8236,22778,6783,15995,101812,51301,18807,6110,2126,71084,131850,4.06,11.22,35.03,167.1,153.2,18.5,73.1,1261,17.3,420,431148.671195213,6424110.356756159,44.863996,-0.404638
"34","Hérault","Occitanie","t",2024,2026,146631,3042,33330,9832,23498,71911,28254,10094,2483,559,41872,104759,2.07,22.73,28.56,149.2,136,13.1,68.4,1088,15.9,304,734933.5033174973,6274771.131355363,43.571142,3.432295
"35","Ille-et-Vilaine","Bretagne","t",2024,2026,129316,7270,10185,2363,7822,65054,34071,12736,4880,2390,40432,88884,5.62,7.88,31.27,173.4,156.1,20.1,71.6,1302,18.2,275,356866.6783594587,6799529.459914489,48.20572,-1.62147
"36","Indre","Centre-Val de Loire","t",2024,2026,21797,2820,1008,320,688,6825,7765,3379,1804,1016,13082,8715,12.94,4.62,60.02,210.7,188.9,27.7,83.8,1826,21.8,217,593408.9126971331,6630920.964149881,46.769931,1.603112
"37","Indre-et-Loire","Centre-Val de Loire","t",2024,2026,72371,5127,5430,959,4471,30100,22952,8762,3531,1596,24714,47657,7.08,7.5,34.15,188.7,174.6,22.4,72.9,1382,19,248,524959.0715128208,6688111.247974859,47.270213,0.684508
"38","Isère","Auvergne-Rhône-Alpes","t",2024,2026,136606,11936,12091,2467,9624,51805,40654,20120,7434,4502,34101,102505,8.74,8.85,24.96,200.7,184.2,21.6,72.3,1492,20.6,367,897247.424810867,6475717.486247753,45.352525,5.519437
"39","Jura","Bourgogne-Franche-Comté","t",2024,2026,25019,3205,1244,282,962,7886,8080,4604,1953,1252,8830,16189,12.81,4.97,35.29,217.3,198.7,27.3,86.6,1917,22.1,333,902172.7828677216,6633385.896646584,46.770067,5.649862
"40","Landes","Nouvelle-Aquitaine","t",2024,2026,42772,2589,5685,2243,3442,18470,11438,4590,1874,715,21949,20823,6.05,13.29,51.32,176,163.1,15.8,85.5,1544,18.1,288,396915.70532232506,6308806.02446335,43.813175,-0.767898
"41","Loir-et-Cher","Centre-Val de Loire","t",2024,2026,28673,3326,1939,640,1299,9246,9568,4594,2198,1128,17708,10965,11.6,6.76,61.76,208.9,192.2,24.1,87.7,1877,21.4,168,576860.7828590623,6723083.711765736,47.596632,1.361242
"42","Loire","Auvergne-Rhône-Alpes","t",2024,2026,79286,8872,3113,963,2150,23435,29806,14060,5391,3481,21633,57653,11.19,3.93,27.28,214.1,197.9,31.2,77.4,1678,21.7,187,796997.9944509523,6487271.655778193,45.478036,4.241593
"43","Haute-Loire","Auvergne-Rhône-Alpes","t",2024,2026,16148,3599,581,173,408,2971,5064,3933,1782,1817,8595,7553,22.29,3.6,53.23,266.2,234.7,32.9,90.6,2452,27.1,139,763596.5768419531,6449579.321739697,45.142572,3.809143
"44","Loire-Atlantique","Pays de la Loire","t",2024,2026,169263,10155,14425,3867,10558,79747,47530,17406,6934,3221,58169,111094,6,8.52,34.37,178.7,165,19.7,71.5,1333,18.6,197,346004.55114959175,6702522.774600425,47.32839,-1.689914
"45","Loiret","Centre-Val de Loire","t",2024,2026,74780,7377,2905,832,2073,26397,26510,11591,4700,2677,31737,43043,9.86,3.88,42.44,209.6,192,24.6,74.7,1631,21.8,210,646606.9161628315,6760056.778237704,47.938727,2.284896
"46","Lot","Occitanie","t",2024,2026,16254,1819,1223,397,826,5506,5111,2595,1298,521,10346,5908,11.19,7.52,63.65,201.1,186,22.9,92.3,1951,21.1,264,591009.3414180414,6393804.092905446,44.634799,1.625748
"47","Lot-et-Garonne","Nouvelle-Aquitaine","t",2024,2026,28274,2549,3226,851,2375,9804,8490,4205,1942,607,17904,10370,9.02,11.41,63.32,193.6,180.6,21,96.7,1930,20,122,492676.34645560844,6366769.951415061,44.369216,0.397794
"48","Lozère","Occitanie","t",2024,2026,5698,1297,375,65,310,1183,1678,1165,713,584,2945,2753,22.76,6.58,51.68,255.4,223.8,26.7,85.4,2266,26.5,67,740575.4613207969,6383273.651565433,44.547356,3.510797
"49","Maine-et-Loire","Pays de la Loire","t",2024,2026,89281,6181,10565,2092,8473,35215,26330,10990,4244,1937,42039,47242,6.92,11.83,47.09,183.6,168.7,20.7,76.9,1462,19,164,435899.73005745345,6703774.480250657,47.381601,-0.501496
"50","Manche","Normandie","t",2024,2026,49306,5144,4027,1158,2869,16847,15927,7361,3404,1740,30493,18813,10.43,8.17,61.84,201.8,186,20.9,84.6,1738,20.5,355,382923.9494874678,6896059.21562367,49.085882,-1.342674
"51","Marne","Grand Est","t",2024,2026,75445,6260,3854,644,3210,28787,25117,11427,4148,2112,20776,54669,8.3,5.11,27.54,198.1,183.6,26.2,74.9,1488,19.9,181,778020.9784898405,6892560.806567569,49.128092,4.068939
"52","Haute-Marne","Grand Est","t",2024,2026,18095,2069,1147,120,1027,5781,6391,2707,1112,957,8558,9537,11.43,6.34,47.29,207,186.8,27.4,86.2,1823,21.1,205,869785.1129121383,6772943.620549145,48.034829,5.278376
"53","Mayenne","Pays de la Loire","t",2024,2026,27625,2575,1740,491,1249,9759,9847,3704,1737,838,16653,10972,9.32,6.3,60.28,200.7,187.6,20.4,83.2,1729,20.8,169,425051.3405684433,6790113.680938847,48.153421,-0.698704
"54","Meurthe-et-Moselle","Grand Est","t",2024,2026,95490,7746,4599,706,3893,36930,31120,15095,5523,2223,24212,71278,8.11,4.82,25.36,195.8,179,27.5,74.8,1515,20.3,235,937009.5059984247,6857619.471284786,48.775091,6.22602
"55","Meuse","Grand Est","t",2024,2026,16668,1932,731,180,551,5602,5617,2786,1229,703,8198,8470,11.59,4.39,49.18,204.9,188,29.4,93.2,1993,21.4,72,868079.789079104,6905157.432999751,49.224011,5.307334
"56","Morbihan","Bretagne","t",2024,2026,89286,6326,7676,2520,5156,39332,26471,9481,4125,2201,39776,49510,7.09,8.6,44.55,181.3,168,19.6,78.2,1510,19.3,208,264587.945896259,6759745.818384216,47.793604,-2.820843
"57","Moselle","Grand Est","t",2024,2026,142451,9619,9342,1059,8283,64892,40880,17718,6934,2685,30251,112200,6.75,6.56,21.24,177.4,154,27.3,78.6,1510,19.2,493,964717.0956610218,6889089.957139989,49.047031,6.622296
"58","Nièvre","Bourgogne-Franche-Comté","t",2024,2026,18574,4047,825,181,644,3971,5998,3733,2226,1821,10711,7863,21.79,4.44,57.67,249.7,226.7,29.3,84.9,2125,25,139,730015.5385386334,6671727.111213475,47.14514,3.396077
"59","Nord","Hauts-de-France","t",2024,2026,312872,22504,10819,1863,8956,120115,110425,49009,15762,6742,138187,174685,7.19,3.46,44.17,196.7,183,28.3,74.6,1516,20.3,461,711500.5693964924,7040265.776091265,50.459734,3.16172
"60","Oise","Hauts-de-France","t",2024,2026,83872,7295,3170,664,2506,28923,30450,14034,4667,2628,31814,52058,8.7,3.78,37.93,203.1,190.1,26.8,77.2,1637,21.2,534,661892.5271077591,6923450.275334203,49.409386,2.475064
"61","Orne","Normandie","t",2024,2026,32466,5225,1220,289,931,6899,11989,7133,3453,1772,18484,13982,16.09,3.76,56.93,232.6,218.7,28.2,81.1,1972,24.3,120,463682.31716347265,6845766.709758395,48.668827,-0.210059
"62","Pas-de-Calais","Hauts-de-France","t",2024,2026,165849,17209,6006,1314,4692,52762,60327,29545,11679,5530,99007,66842,10.38,3.62,59.7,208.1,193.6,31,78.8,1700,21.6,712,653229.5274927767,7042297.558449484,50.476329,2.342095
"63","Puy-de-Dôme","Auvergne-Rhône-Alpes","t",2024,2026,69630,10815,2106,599,1507,21544,21823,13342,6104,4711,23089,46541,15.53,3.02,33.16,229.3,205,30.9,75.7,1758,23.2,189,711443.5069924609,6509539.791519223,45.685326,3.147022
"64","Pyrénées-Atlantiques","Nouvelle-Aquitaine","t",2024,2026,84961,4320,7022,1886,5136,37414,26059,10146,3290,1030,20869,64092,5.08,8.26,24.56,177.1,163.7,22.2,75.7,1390,18.4,462,401976.80048612185,6253750.657076295,43.320514,-0.673255
"65","Hautes-Pyrénées","Occitanie","t",2024,2026,24952,2876,1344,364,980,9572,7235,3925,1799,1077,9846,15106,11.53,5.39,39.46,208.2,187.6,23.3,81,1718,21.2,159,465929.3641850483,6231797.683550656,43.14706,0.124042
"66","Pyrénées-Orientales","Occitanie","t",2024,2026,52758,2205,11606,3717,7889,21897,12013,5037,1756,449,21743,31015,4.18,22,41.21,164.6,150.8,12.6,75.4,1280,17,210,664341.5057418762,6167695.391818141,42.608078,2.566016
"67","Bas-Rhin","Grand Est","t",2024,2026,114690,9384,10389,1833,8556,47914,32342,14661,6135,3249,21286,93404,8.18,9.06,18.56,184.8,165.2,26,75.3,1454,19.3,456,1035169.8179550344,6849291.938157789,48.656806,7.553056
"68","Haut-Rhin","Grand Est","t",2024,2026,73827,6415,5484,1480,4004,27845,22285,11798,4466,1949,18338,55489,8.69,7.43,24.84,190.1,173.6,29,80.9,1571,19.4,347,1019854.675598514,6753427.673406924,47.803299,7.274999
"69","Rhône","Auvergne-Rhône-Alpes","t",2024,2026,256101,15986,14422,1800,12622,113524,77602,34567,10391,5595,30004,226097,6.24,5.63,11.72,190.5,176.2,23,66.1,1283,19.4,212,832747.4564791132,6527280.815201976,45.832233,4.71016
"70","Haute-Saône","Bourgogne-Franche-Comté","t",2024,2026,19628,2456,866,268,598,5117,7947,3242,1480,976,9389,10239,12.51,4.41,47.83,213.5,196,31.4,91.7,1981,21.6,410,937219.0008691651,6732447.237610485,47.649675,6.160708
"71","Saône-et-Loire","Bourgogne-Franche-Comté","t",2024,2026,51384,6899,2425,592,1833,15138,17402,9520,4467,2432,22731,28653,13.43,4.72,44.24,218.7,203,28.6,85.1,1876,22,337,834147.6207167165,6617076.166713566,46.640345,4.753883
"72","Sarthe","Pays de la Loire","t",2024,2026,49251,4247,2693,542,2151,16404,18588,7319,2824,1423,27366,21885,8.62,5.47,55.56,202.1,188.3,23.9,82,1676,20.4,180,488625.7426609718,6771553.361935086,48.010207,0.164634
"73","Savoie","Auvergne-Rhône-Alpes","t",2024,2026,63095,7189,3863,597,3266,22890,16824,12329,4035,3154,11746,51349,11.39,6.12,18.62,218.4,191,23.4,69.4,1525,22,167,947393.6010869663,6502139.753919053,45.574023,6.172891
"74","Haute-Savoie","Auvergne-Rhône-Alpes","t",2024,2026,105807,12531,4157,1126,3031,38812,29873,20434,7464,5067,18827,86980,11.84,3.93,17.79,213.1,191.4,27.9,73.4,1609,21.9,222,953882.9050547105,6556116.730436614,46.057284,6.284805
"75","Paris","Île-de-France","t",2024,2026,504567,79372,7510,540,6970,125597,157682,134406,50431,28941,1951,502616,15.73,1.49,0.39,255.1,235.6,31.1,51.4,1218,23.7,21,651852.2013687415,6862432.095159029,48.860123,2.343749
"76","Seine-Maritime","Normandie","t",2024,2026,180335,13923,9918,1829,8089,70678,58205,27611,9053,4870,51171,129164,7.72,5.5,28.38,194.8,178.4,25.5,70.7,1388,19.6,647,554704.4248369993,6953864.2054677075,49.66722,0.988263
"77","Seine-et-Marne","Île-de-France","t",2024,2026,144156,11161,9411,1676,7735,59273,45835,18476,6972,4189,44679,99477,7.74,6.53,30.99,192.2,175,22.8,73.1,1452,19.9,390,692990.5498658955,6841610.127671422,48.674613,2.904802
"78","Yvelines","Île-de-France","t",2024,2026,186830,16162,5911,931,4980,67263,66860,30634,10551,5611,36203,150627,8.65,3.16,19.38,202.5,185.5,30.2,70.5,1435,20.4,197,618357.9789658962,6860533.096912929,48.839672,1.887637
"79","Deux-Sèvres","Nouvelle-Aquitaine","t",2024,2026,33043,2489,2239,739,1500,10907,12863,4545,1843,646,23557,9486,7.53,6.78,71.29,193.2,183.6,23.1,90.9,1836,20.2,191,446510.39847579395,6613153.351582878,46.570582,-0.310645
"80","Somme","Hauts-de-France","t",2024,2026,58104,6729,2649,902,1747,20041,19680,9005,4054,2675,27927,30177,11.58,4.56,48.06,211.3,192.9,27.1,73.4,1642,22.4,498,653579.8077084136,6981400.352475277,49.929537,2.35403
"81","Tarn","Occitanie","t",2024,2026,35448,2662,4526,1228,3298,12665,10741,4854,1846,816,18446,17002,7.51,12.77,52.04,187.7,174.9,20.4,89.2,1760,19.7,236,628616.7953479046,6298415.80908443,43.781154,2.113389
"82","Tarn-et-Garonne","Occitanie","t",2024,2026,21902,1434,3319,1159,2160,8543,6172,2434,1054,380,13085,8817,6.55,15.15,59.74,177.8,161.8,16.9,93,1722,18.5,129,560719.269759563,6329195.663645935,44.047966,1.261864
"83","Var","Provence-Alpes-Côte d'Azur","t",2024,2026,135763,4008,29150,7962,21188,63112,28955,10538,3208,800,37758,98005,2.95,21.47,27.81,156.1,143.2,12.6,75.6,1238,16.4,139,961706.5774312586,6263350.6590293925,43.421074,6.23101
"84","Vaucluse","Provence-Alpes-Côte d'Azur","t",2024,2026,60570,5203,6684,1823,4861,23173,17604,7906,3546,1657,24562,36008,8.59,11.04,40.55,191.9,175.1,19.2,81.9,1640,20,132,873655.5432167122,6323541.903776991,43.989452,5.164985
"85","Vendée","Pays de la Loire","t",2024,2026,59078,5964,5240,2269,2971,17508,21047,9319,4076,1888,42482,16596,10.1,8.87,71.91,206.3,196.7,18.6,84.9,1791,21.1,218,377387.5148480543,6625198.732819589,46.649251,-1.220277
"86","Vienne","Nouvelle-Aquitaine","t",2024,2026,49192,3931,2632,892,1740,18923,16816,6890,2720,1211,23753,25439,7.99,5.35,48.29,196.7,184.9,22.9,78.4,1615,20.6,237,503000.92159386247,6613403.1284383405,46.591778,0.426434
"87","Haute-Vienne","Nouvelle-Aquitaine","t",2024,2026,38180,4809,2298,522,1776,11959,13001,6113,2978,1831,16026,22154,12.6,6.02,41.97,215.7,198.5,25.9,78.3,1729,22.1,182,561642.1445687187,6534120.749224211,45.892693,1.215595
"88","Vosges","Grand Est","t",2024,2026,28105,4163,1785,497,1288,8671,8695,4791,2349,1814,12500,15605,14.81,6.35,44.48,218.6,196.3,28,91.6,2024,22.1,347,957030.0041719183,6795715.749495807,48.211084,6.461277
"89","Yonne","Bourgogne-Franche-Comté","t",2024,2026,34010,5582,1048,243,805,9832,11676,5872,3246,2336,17013,16997,16.41,3.08,50.02,228.7,204.7,28.6,84,1992,23.7,256,739970.3599420026,6723711.798581852,47.612575,3.532057
"90","Territoire de Belfort","Bourgogne-Franche-Comté","t",2024,2026,21473,2168,1284,295,989,6909,6852,4260,1465,703,3846,17627,10.1,5.98,17.91,203.1,191.4,34.8,73.4,1516,20.7,97,995181.3498674276,6732012.470542647,47.622343,6.931559
"91","Essonne","Île-de-France","t",2024,2026,161101,10863,9951,962,8989,68937,51011,20339,7239,3624,31325,129776,6.74,6.18,19.44,186.5,170.2,25.5,68.6,1290,18.8,187,642927.3291253325,6800805.462308157,48.305071,2.230298
"92","Hauts-de-Seine","Île-de-France","t",2024,2026,301587,31141,8168,858,7310,118277,91067,52934,20370,10771,13082,288505,10.33,2.71,4.34,209.7,184.3,30.6,58,1185,20.4,36,645378.6566257509,6860663.481499256,48.843702,2.255747
"93","Seine-Saint-Denis","Île-de-France","t",2024,2026,249989,20371,12948,886,12062,103275,71494,41901,13324,7047,19193,230796,8.15,5.18,7.68,196.9,174.1,28.5,60.9,1182,19.4,40,660694.9560005383,6867896.981695521,48.909868,2.463765
"94","Val-de-Marne","Île-de-France","t",2024,2026,205253,20137,10160,1017,9143,81718,61700,31538,12695,7442,17971,187282,9.81,4.95,8.76,205,182.7,27.2,60.6,1221,20.1,47,659938.1994653508,6853839.929969804,48.783405,2.454765
"95","Val-d'Oise","Île-de-France","t",2024,2026,154793,10890,6524,545,5979,66491,49511,21377,6457,4433,29530,125263,7.04,4.21,19.08,193.3,174.2,25.8,67.1,1324,19.7,164,638094.6096766933,6886258.94686299,49.073194,2.152762
"971","Guadeloupe","Guadeloupe","f",2024,2026,308,16,14,7,7,156,110,12,8,8,170,138,5.19,4.55,55.19,163.3,146.5,19.8,64,1167,18.2,2,656583.0175373133,1798015.6423134338,,
"972","Martinique","Martinique","f",2024,2026,960,19,100,38,62,518,211,112,14,5,62,898,1.98,10.42,6.46,155.5,137.9,20.9,58.6,868,14.8,3,708082.7432592595,1622816.57725926,,
"973","Guyane","Guyane","f",2024,2026,53,1,6,1,5,24,20,2,1,0,5,48,1.89,11.32,9.43,168.1,154.4,17.2,61.7,1066,17.3,3,290253.68571428576,563834.8338095238,,
"974","La Réunion","La Réunion","f",2024,2026,599,18,14,7,7,374,126,67,11,7,153,446,3.01,2.34,25.54,161,112.6,18,68,1133,16.7,12,343926.06916017324,7663561.595224214,,
"975","Saint-Pierre-et-Miquelon","Collectivités d'outre-mer","f",2024,2024,2,0,0,0,0,2,0,0,0,0,0,2,0,0,0,179.2,179.2,6,23.7,479,20.2,,,,,
"976","Mayotte","Mayotte","f",2024,2026,11,4,2,2,0,3,2,0,2,2,8,3,36.36,18.18,72.73,271.2,202.9,10.5,67.9,1680,24.7,2,520524.75166666665,8582545.693333333,,
"978","Saint-Martin","Collectivités d'outre-mer","f",2024,2025,3,0,2,0,2,1,0,0,0,0,2,1,0,66.67,66.67,115.7,93,4,78.7,1063,13.5,,,,,
"988","Nouvelle-Calédonie","Collectivités d'outre-mer","f",2024,2026,10,2,1,0,1,4,2,1,2,0,1,9,20,10,10,191.4,167.7,20.6,66.6,1764,26.5,1,447651.3175,214917.45125,,
,"Département non déterminé",,"f",2024,2024,1,0,0,0,0,0,1,0,0,0,0,1,0,0,0,166.2,166.2,32,31,609,19.6,,,,,
